"{'id': 392, 'uid': '0410073f-c728-4f97-9b27-ed4dbfcd6d62', 'password': 'Laxhelzb85', 'first_name': 'Carlton', 'last_name': 'Heathcote', 'username': 'carlton.heathcote', 'email': 'carlton.heathcote@email.com', 'avatar': 'https://robohash.org/delenitisuntex.png?size=300x300&set=set1', 'gender': 'Polygender', 'phone_number': '+351 724-726-5547 x2762', 'social_insurance_number': '988614608', 'date_of_birth': '1992-12-17', 'employment': {'title': 'Government Strategist', 'key_skill': 'Work under pressure'}, 'address': {'city': 'New Shaun', 'street_name': 'Thomasine Stream', 'street_address': '443 Prosacco Brooks', 'zip_code': '42459-3567', 'state': 'Connecticut', 'country': 'United States', 'coordinates': {'lat': -75.43664394034492, 'lng': 61.649208748014246}}, 'credit_card': {'cc_number': '4883479683513'}, 'subscription': {'plan': 'Starter', 'status': 'Pending', 'payment_method': 'Apple Pay', 'term': 'Annual'}}"
"{'id': 392, 'uid': '0410073f-c728-4f97-9b27-ed4dbfcd6d62', 'password': 'Laxhelzb85', 'first_name': 'Carlton', 'last_name': 'Heathcote', 'username': 'carlton.heathcote', 'email': 'carlton.heathcote@email.com', 'avatar': 'https://robohash.org/delenitisuntex.png?size=300x300&set=set1', 'gender': 'Polygender', 'phone_number': '+351 724-726-5547 x2762', 'social_insurance_number': '988614608', 'date_of_birth': '1992-12-17', 'employment': {'title': 'Government Strategist', 'key_skill': 'Work under pressure'}, 'address': {'city': 'New Shaun', 'street_name': 'Thomasine Stream', 'street_address': '443 Prosacco Brooks', 'zip_code': '42459-3567', 'state': 'Connecticut', 'country': 'United States', 'coordinates': {'lat': -75.43664394034492, 'lng': 61.649208748014246}}, 'credit_card': {'cc_number': '4883479683513'}, 'subscription': {'plan': 'Starter', 'status': 'Pending', 'payment_method': 'Apple Pay', 'term': 'Annual'}}"
"{'id': 392, 'uid': '0410073f-c728-4f97-9b27-ed4dbfcd6d62', 'password': 'Laxhelzb85', 'first_name': 'Carlton', 'last_name': 'Heathcote', 'username': 'carlton.heathcote', 'email': 'carlton.heathcote@email.com', 'avatar': 'https://robohash.org/delenitisuntex.png?size=300x300&set=set1', 'gender': 'Polygender', 'phone_number': '+351 724-726-5547 x2762', 'social_insurance_number': '988614608', 'date_of_birth': '1992-12-17', 'employment': {'title': 'Government Strategist', 'key_skill': 'Work under pressure'}, 'address': {'city': 'New Shaun', 'street_name': 'Thomasine Stream', 'street_address': '443 Prosacco Brooks', 'zip_code': '42459-3567', 'state': 'Connecticut', 'country': 'United States', 'coordinates': {'lat': -75.43664394034492, 'lng': 61.649208748014246}}, 'credit_card': {'cc_number': '4883479683513'}, 'subscription': {'plan': 'Starter', 'status': 'Pending', 'payment_method': 'Apple Pay', 'term': 'Annual'}}"
"{'id': 392, 'uid': '0410073f-c728-4f97-9b27-ed4dbfcd6d62', 'password': 'Laxhelzb85', 'first_name': 'Carlton', 'last_name': 'Heathcote', 'username': 'carlton.heathcote', 'email': 'carlton.heathcote@email.com', 'avatar': 'https://robohash.org/delenitisuntex.png?size=300x300&set=set1', 'gender': 'Polygender', 'phone_number': '+351 724-726-5547 x2762', 'social_insurance_number': '988614608', 'date_of_birth': '1992-12-17', 'employment': {'title': 'Government Strategist', 'key_skill': 'Work under pressure'}, 'address': {'city': 'New Shaun', 'street_name': 'Thomasine Stream', 'street_address': '443 Prosacco Brooks', 'zip_code': '42459-3567', 'state': 'Connecticut', 'country': 'United States', 'coordinates': {'lat': -75.43664394034492, 'lng': 61.649208748014246}}, 'credit_card': {'cc_number': '4883479683513'}, 'subscription': {'plan': 'Starter', 'status': 'Pending', 'payment_method': 'Apple Pay', 'term': 'Annual'}}"
"{'id': 392, 'uid': '0410073f-c728-4f97-9b27-ed4dbfcd6d62', 'password': 'Laxhelzb85', 'first_name': 'Carlton', 'last_name': 'Heathcote', 'username': 'carlton.heathcote', 'email': 'carlton.heathcote@email.com', 'avatar': 'https://robohash.org/delenitisuntex.png?size=300x300&set=set1', 'gender': 'Polygender', 'phone_number': '+351 724-726-5547 x2762', 'social_insurance_number': '988614608', 'date_of_birth': '1992-12-17', 'employment': {'title': 'Government Strategist', 'key_skill': 'Work under pressure'}, 'address': {'city': 'New Shaun', 'street_name': 'Thomasine Stream', 'street_address': '443 Prosacco Brooks', 'zip_code': '42459-3567', 'state': 'Connecticut', 'country': 'United States', 'coordinates': {'lat': -75.43664394034492, 'lng': 61.649208748014246}}, 'credit_card': {'cc_number': '4883479683513'}, 'subscription': {'plan': 'Starter', 'status': 'Pending', 'payment_method': 'Apple Pay', 'term': 'Annual'}}"
"{'id': 392, 'uid': '0410073f-c728-4f97-9b27-ed4dbfcd6d62', 'password': 'Laxhelzb85', 'first_name': 'Carlton', 'last_name': 'Heathcote', 'username': 'carlton.heathcote', 'email': 'carlton.heathcote@email.com', 'avatar': 'https://robohash.org/delenitisuntex.png?size=300x300&set=set1', 'gender': 'Polygender', 'phone_number': '+351 724-726-5547 x2762', 'social_insurance_number': '988614608', 'date_of_birth': '1992-12-17', 'employment': {'title': 'Government Strategist', 'key_skill': 'Work under pressure'}, 'address': {'city': 'New Shaun', 'street_name': 'Thomasine Stream', 'street_address': '443 Prosacco Brooks', 'zip_code': '42459-3567', 'state': 'Connecticut', 'country': 'United States', 'coordinates': {'lat': -75.43664394034492, 'lng': 61.649208748014246}}, 'credit_card': {'cc_number': '4883479683513'}, 'subscription': {'plan': 'Starter', 'status': 'Pending', 'payment_method': 'Apple Pay', 'term': 'Annual'}}"
"{'id': 392, 'uid': '0410073f-c728-4f97-9b27-ed4dbfcd6d62', 'password': 'Laxhelzb85', 'first_name': 'Carlton', 'last_name': 'Heathcote', 'username': 'carlton.heathcote', 'email': 'carlton.heathcote@email.com', 'avatar': 'https://robohash.org/delenitisuntex.png?size=300x300&set=set1', 'gender': 'Polygender', 'phone_number': '+351 724-726-5547 x2762', 'social_insurance_number': '988614608', 'date_of_birth': '1992-12-17', 'employment': {'title': 'Government Strategist', 'key_skill': 'Work under pressure'}, 'address': {'city': 'New Shaun', 'street_name': 'Thomasine Stream', 'street_address': '443 Prosacco Brooks', 'zip_code': '42459-3567', 'state': 'Connecticut', 'country': 'United States', 'coordinates': {'lat': -75.43664394034492, 'lng': 61.649208748014246}}, 'credit_card': {'cc_number': '4883479683513'}, 'subscription': {'plan': 'Starter', 'status': 'Pending', 'payment_method': 'Apple Pay', 'term': 'Annual'}}"
"{'id': 358, 'uid': '09f1cce1-4f34-4871-b7a1-a37a879ed781', 'password': 'JhI3l1LqrY', 'first_name': 'Kati', 'last_name': 'Yost', 'username': 'kati.yost', 'email': 'kati.yost@email.com', 'avatar': 'https://robohash.org/rerumsintanimi.png?size=300x300&set=set1', 'gender': 'Bigender', 'phone_number': '+351 1-274-940-5962 x72014', 'social_insurance_number': '495731689', 'date_of_birth': '1980-03-15', 'employment': {'title': 'Healthcare Assistant', 'key_skill': 'Proactive'}, 'address': {'city': 'West Mairaberg', 'street_name': 'Hoeger Plain', 'street_address': '90591 Bettie Pine', 'zip_code': '41197-3692', 'state': 'Connecticut', 'country': 'United States', 'coordinates': {'lat': -46.097877829256774, 'lng': 118.2670522827716}}, 'credit_card': {'cc_number': '4135-6899-6119-1798'}, 'subscription': {'plan': 'Student', 'status': 'Active', 'payment_method': 'Apple Pay', 'term': 'Monthly'}}"
"{'id': 358, 'uid': '09f1cce1-4f34-4871-b7a1-a37a879ed781', 'password': 'JhI3l1LqrY', 'first_name': 'Kati', 'last_name': 'Yost', 'username': 'kati.yost', 'email': 'kati.yost@email.com', 'avatar': 'https://robohash.org/rerumsintanimi.png?size=300x300&set=set1', 'gender': 'Bigender', 'phone_number': '+351 1-274-940-5962 x72014', 'social_insurance_number': '495731689', 'date_of_birth': '1980-03-15', 'employment': {'title': 'Healthcare Assistant', 'key_skill': 'Proactive'}, 'address': {'city': 'West Mairaberg', 'street_name': 'Hoeger Plain', 'street_address': '90591 Bettie Pine', 'zip_code': '41197-3692', 'state': 'Connecticut', 'country': 'United States', 'coordinates': {'lat': -46.097877829256774, 'lng': 118.2670522827716}}, 'credit_card': {'cc_number': '4135-6899-6119-1798'}, 'subscription': {'plan': 'Student', 'status': 'Active', 'payment_method': 'Apple Pay', 'term': 'Monthly'}}"
"{'id': 358, 'uid': '09f1cce1-4f34-4871-b7a1-a37a879ed781', 'password': 'JhI3l1LqrY', 'first_name': 'Kati', 'last_name': 'Yost', 'username': 'kati.yost', 'email': 'kati.yost@email.com', 'avatar': 'https://robohash.org/rerumsintanimi.png?size=300x300&set=set1', 'gender': 'Bigender', 'phone_number': '+351 1-274-940-5962 x72014', 'social_insurance_number': '495731689', 'date_of_birth': '1980-03-15', 'employment': {'title': 'Healthcare Assistant', 'key_skill': 'Proactive'}, 'address': {'city': 'West Mairaberg', 'street_name': 'Hoeger Plain', 'street_address': '90591 Bettie Pine', 'zip_code': '41197-3692', 'state': 'Connecticut', 'country': 'United States', 'coordinates': {'lat': -46.097877829256774, 'lng': 118.2670522827716}}, 'credit_card': {'cc_number': '4135-6899-6119-1798'}, 'subscription': {'plan': 'Student', 'status': 'Active', 'payment_method': 'Apple Pay', 'term': 'Monthly'}}"
"{'id': 358, 'uid': '09f1cce1-4f34-4871-b7a1-a37a879ed781', 'password': 'JhI3l1LqrY', 'first_name': 'Kati', 'last_name': 'Yost', 'username': 'kati.yost', 'email': 'kati.yost@email.com', 'avatar': 'https://robohash.org/rerumsintanimi.png?size=300x300&set=set1', 'gender': 'Bigender', 'phone_number': '+351 1-274-940-5962 x72014', 'social_insurance_number': '495731689', 'date_of_birth': '1980-03-15', 'employment': {'title': 'Healthcare Assistant', 'key_skill': 'Proactive'}, 'address': {'city': 'West Mairaberg', 'street_name': 'Hoeger Plain', 'street_address': '90591 Bettie Pine', 'zip_code': '41197-3692', 'state': 'Connecticut', 'country': 'United States', 'coordinates': {'lat': -46.097877829256774, 'lng': 118.2670522827716}}, 'credit_card': {'cc_number': '4135-6899-6119-1798'}, 'subscription': {'plan': 'Student', 'status': 'Active', 'payment_method': 'Apple Pay', 'term': 'Monthly'}}"
"{'id': 212, 'uid': 'f7ef1a29-0e04-458d-b504-3ab9da1f2f6c', 'password': 'I2NsP5jqzy', 'first_name': 'Jona', 'last_name': 'Klein', 'username': 'jona.klein', 'email': 'jona.klein@email.com', 'avatar': 'https://robohash.org/facilisesteos.png?size=300x300&set=set1', 'gender': 'Bigender', 'phone_number': '+20 716.999.7128 x51096', 'social_insurance_number': '527929426', 'date_of_birth': '1999-05-21', 'employment': {'title': 'Corporate Director', 'key_skill': 'Work under pressure'}, 'address': {'city': 'South Lennachester', 'street_name': 'Feil Mountain', 'street_address': '876 Coral Bridge', 'zip_code': '38326', 'state': 'Nebraska', 'country': 'United States', 'coordinates': {'lat': -1.9841170065033964, 'lng': 152.7162221096582}}, 'credit_card': {'cc_number': '5172-6877-7112-8357'}, 'subscription': {'plan': 'Essential', 'status': 'Blocked', 'payment_method': 'Paypal', 'term': 'Payment in advance'}}"
"{'id': 212, 'uid': 'f7ef1a29-0e04-458d-b504-3ab9da1f2f6c', 'password': 'I2NsP5jqzy', 'first_name': 'Jona', 'last_name': 'Klein', 'username': 'jona.klein', 'email': 'jona.klein@email.com', 'avatar': 'https://robohash.org/facilisesteos.png?size=300x300&set=set1', 'gender': 'Bigender', 'phone_number': '+20 716.999.7128 x51096', 'social_insurance_number': '527929426', 'date_of_birth': '1999-05-21', 'employment': {'title': 'Corporate Director', 'key_skill': 'Work under pressure'}, 'address': {'city': 'South Lennachester', 'street_name': 'Feil Mountain', 'street_address': '876 Coral Bridge', 'zip_code': '38326', 'state': 'Nebraska', 'country': 'United States', 'coordinates': {'lat': -1.9841170065033964, 'lng': 152.7162221096582}}, 'credit_card': {'cc_number': '5172-6877-7112-8357'}, 'subscription': {'plan': 'Essential', 'status': 'Blocked', 'payment_method': 'Paypal', 'term': 'Payment in advance'}}"
"{'id': 212, 'uid': 'f7ef1a29-0e04-458d-b504-3ab9da1f2f6c', 'password': 'I2NsP5jqzy', 'first_name': 'Jona', 'last_name': 'Klein', 'username': 'jona.klein', 'email': 'jona.klein@email.com', 'avatar': 'https://robohash.org/facilisesteos.png?size=300x300&set=set1', 'gender': 'Bigender', 'phone_number': '+20 716.999.7128 x51096', 'social_insurance_number': '527929426', 'date_of_birth': '1999-05-21', 'employment': {'title': 'Corporate Director', 'key_skill': 'Work under pressure'}, 'address': {'city': 'South Lennachester', 'street_name': 'Feil Mountain', 'street_address': '876 Coral Bridge', 'zip_code': '38326', 'state': 'Nebraska', 'country': 'United States', 'coordinates': {'lat': -1.9841170065033964, 'lng': 152.7162221096582}}, 'credit_card': {'cc_number': '5172-6877-7112-8357'}, 'subscription': {'plan': 'Essential', 'status': 'Blocked', 'payment_method': 'Paypal', 'term': 'Payment in advance'}}"
"{'id': 212, 'uid': 'f7ef1a29-0e04-458d-b504-3ab9da1f2f6c', 'password': 'I2NsP5jqzy', 'first_name': 'Jona', 'last_name': 'Klein', 'username': 'jona.klein', 'email': 'jona.klein@email.com', 'avatar': 'https://robohash.org/facilisesteos.png?size=300x300&set=set1', 'gender': 'Bigender', 'phone_number': '+20 716.999.7128 x51096', 'social_insurance_number': '527929426', 'date_of_birth': '1999-05-21', 'employment': {'title': 'Corporate Director', 'key_skill': 'Work under pressure'}, 'address': {'city': 'South Lennachester', 'street_name': 'Feil Mountain', 'street_address': '876 Coral Bridge', 'zip_code': '38326', 'state': 'Nebraska', 'country': 'United States', 'coordinates': {'lat': -1.9841170065033964, 'lng': 152.7162221096582}}, 'credit_card': {'cc_number': '5172-6877-7112-8357'}, 'subscription': {'plan': 'Essential', 'status': 'Blocked', 'payment_method': 'Paypal', 'term': 'Payment in advance'}}"
"{'id': 212, 'uid': 'f7ef1a29-0e04-458d-b504-3ab9da1f2f6c', 'password': 'I2NsP5jqzy', 'first_name': 'Jona', 'last_name': 'Klein', 'username': 'jona.klein', 'email': 'jona.klein@email.com', 'avatar': 'https://robohash.org/facilisesteos.png?size=300x300&set=set1', 'gender': 'Bigender', 'phone_number': '+20 716.999.7128 x51096', 'social_insurance_number': '527929426', 'date_of_birth': '1999-05-21', 'employment': {'title': 'Corporate Director', 'key_skill': 'Work under pressure'}, 'address': {'city': 'South Lennachester', 'street_name': 'Feil Mountain', 'street_address': '876 Coral Bridge', 'zip_code': '38326', 'state': 'Nebraska', 'country': 'United States', 'coordinates': {'lat': -1.9841170065033964, 'lng': 152.7162221096582}}, 'credit_card': {'cc_number': '5172-6877-7112-8357'}, 'subscription': {'plan': 'Essential', 'status': 'Blocked', 'payment_method': 'Paypal', 'term': 'Payment in advance'}}"
"{'id': 4977, 'uid': 'e686de2a-63d5-4738-a233-dbf3a2e53f69', 'password': 'zOG5FknAoI', 'first_name': 'Adelia', 'last_name': 'Metz', 'username': 'adelia.metz', 'email': 'adelia.metz@email.com', 'avatar': 'https://robohash.org/maximeisteoptio.png?size=300x300&set=set1', 'gender': 'Genderfluid', 'phone_number': '+352 257.493.5858 x5770', 'social_insurance_number': '479519738', 'date_of_birth': '1975-03-20', 'employment': {'title': 'Forward Sales Assistant', 'key_skill': 'Fast learner'}, 'address': {'city': 'Gibsonview', 'street_name': 'Lemke Ville', 'street_address': '1711 Rickie Coves', 'zip_code': '29865-3907', 'state': 'Maryland', 'country': 'United States', 'coordinates': {'lat': 18.28733900305525, 'lng': -122.96396823650218}}, 'credit_card': {'cc_number': '4491-3218-9139-0153'}, 'subscription': {'plan': 'Diamond', 'status': 'Pending', 'payment_method': 'Google Pay', 'term': 'Full subscription'}}"
"{'id': 4977, 'uid': 'e686de2a-63d5-4738-a233-dbf3a2e53f69', 'password': 'zOG5FknAoI', 'first_name': 'Adelia', 'last_name': 'Metz', 'username': 'adelia.metz', 'email': 'adelia.metz@email.com', 'avatar': 'https://robohash.org/maximeisteoptio.png?size=300x300&set=set1', 'gender': 'Genderfluid', 'phone_number': '+352 257.493.5858 x5770', 'social_insurance_number': '479519738', 'date_of_birth': '1975-03-20', 'employment': {'title': 'Forward Sales Assistant', 'key_skill': 'Fast learner'}, 'address': {'city': 'Gibsonview', 'street_name': 'Lemke Ville', 'street_address': '1711 Rickie Coves', 'zip_code': '29865-3907', 'state': 'Maryland', 'country': 'United States', 'coordinates': {'lat': 18.28733900305525, 'lng': -122.96396823650218}}, 'credit_card': {'cc_number': '4491-3218-9139-0153'}, 'subscription': {'plan': 'Diamond', 'status': 'Pending', 'payment_method': 'Google Pay', 'term': 'Full subscription'}}"
"{'id': 4977, 'uid': 'e686de2a-63d5-4738-a233-dbf3a2e53f69', 'password': 'zOG5FknAoI', 'first_name': 'Adelia', 'last_name': 'Metz', 'username': 'adelia.metz', 'email': 'adelia.metz@email.com', 'avatar': 'https://robohash.org/maximeisteoptio.png?size=300x300&set=set1', 'gender': 'Genderfluid', 'phone_number': '+352 257.493.5858 x5770', 'social_insurance_number': '479519738', 'date_of_birth': '1975-03-20', 'employment': {'title': 'Forward Sales Assistant', 'key_skill': 'Fast learner'}, 'address': {'city': 'Gibsonview', 'street_name': 'Lemke Ville', 'street_address': '1711 Rickie Coves', 'zip_code': '29865-3907', 'state': 'Maryland', 'country': 'United States', 'coordinates': {'lat': 18.28733900305525, 'lng': -122.96396823650218}}, 'credit_card': {'cc_number': '4491-3218-9139-0153'}, 'subscription': {'plan': 'Diamond', 'status': 'Pending', 'payment_method': 'Google Pay', 'term': 'Full subscription'}}"
"{'id': 4977, 'uid': 'e686de2a-63d5-4738-a233-dbf3a2e53f69', 'password': 'zOG5FknAoI', 'first_name': 'Adelia', 'last_name': 'Metz', 'username': 'adelia.metz', 'email': 'adelia.metz@email.com', 'avatar': 'https://robohash.org/maximeisteoptio.png?size=300x300&set=set1', 'gender': 'Genderfluid', 'phone_number': '+352 257.493.5858 x5770', 'social_insurance_number': '479519738', 'date_of_birth': '1975-03-20', 'employment': {'title': 'Forward Sales Assistant', 'key_skill': 'Fast learner'}, 'address': {'city': 'Gibsonview', 'street_name': 'Lemke Ville', 'street_address': '1711 Rickie Coves', 'zip_code': '29865-3907', 'state': 'Maryland', 'country': 'United States', 'coordinates': {'lat': 18.28733900305525, 'lng': -122.96396823650218}}, 'credit_card': {'cc_number': '4491-3218-9139-0153'}, 'subscription': {'plan': 'Diamond', 'status': 'Pending', 'payment_method': 'Google Pay', 'term': 'Full subscription'}}"
"{'id': 4977, 'uid': 'e686de2a-63d5-4738-a233-dbf3a2e53f69', 'password': 'zOG5FknAoI', 'first_name': 'Adelia', 'last_name': 'Metz', 'username': 'adelia.metz', 'email': 'adelia.metz@email.com', 'avatar': 'https://robohash.org/maximeisteoptio.png?size=300x300&set=set1', 'gender': 'Genderfluid', 'phone_number': '+352 257.493.5858 x5770', 'social_insurance_number': '479519738', 'date_of_birth': '1975-03-20', 'employment': {'title': 'Forward Sales Assistant', 'key_skill': 'Fast learner'}, 'address': {'city': 'Gibsonview', 'street_name': 'Lemke Ville', 'street_address': '1711 Rickie Coves', 'zip_code': '29865-3907', 'state': 'Maryland', 'country': 'United States', 'coordinates': {'lat': 18.28733900305525, 'lng': -122.96396823650218}}, 'credit_card': {'cc_number': '4491-3218-9139-0153'}, 'subscription': {'plan': 'Diamond', 'status': 'Pending', 'payment_method': 'Google Pay', 'term': 'Full subscription'}}"
